user_id,age,gender,city,signup_at
1,51,Male,San Jose,2025-11-23 15:49:51.446402+00:00
2,31,Female,Miami,2026-01-24 15:49:51.446402+00:00
3,49,Male,Austin,2025-12-15 15:49:51.446402+00:00
4,32,Male,Chicago,2026-05-05 15:49:51.446402+00:00
5,24,Male,Seattle,2026-05-04 15:49:51.446402+00:00
6,31,Male,Atlanta,2025-12-07 15:49:51.446402+00:00
7,32,Female,New York,2026-04-20 15:49:51.446402+00:00
8,25,Female,Los Angeles,2026-04-11 15:49:51.446402+00:00
9,19,Female,San Jose,2026-02-04 15:49:51.446402+00:00
10,67,Female,Chicago,2026-01-19 15:49:51.446402+00:00
11,44,Female,Miami,2026-03-28 15:49:51.446402+00:00
12,38,Female,Miami,2026-02-17 15:49:51.446402+00:00
13,66,Female,Seattle,2026-01-07 15:49:51.446402+00:00
14,29,Female,New York,2026-02-18 15:49:51.446402+00:00
15,38,Male,Chicago,2026-03-01 15:49:51.446402+00:00
16,62,Female,Denver,2026-04-26 15:49:51.446402+00:00
17,50,Male,Denver,2026-02-16 15:49:51.446402+00:00
18,38,Female,Austin,2025-12-15 15:49:51.446402+00:00
19,31,Female,Los Angeles,2026-01-16 15:49:51.446402+00:00
20,19,Male,Seattle,2025-11-29 15:49:51.446402+00:00
21,22,Female,New York,2026-04-16 15:49:51.446402+00:00
22,26,Female,Atlanta,2026-05-07 15:49:51.446402+00:00
23,58,Male,Boston,2026-01-30 15:49:51.446402+00:00
24,51,Female,New York,2026-04-06 15:49:51.446402+00:00
25,40,Female,Miami,2026-01-22 15:49:51.446402+00:00
26,58,Male,New York,2025-11-27 15:49:51.446402+00:00
27,26,Female,Denver,2026-03-09 15:49:51.446402+00:00
28,28,Male,Seattle,2026-01-30 15:49:51.446402+00:00
29,38,Female,Austin,2026-01-06 15:49:51.446402+00:00
30,65,Male,Chicago,2026-04-11 15:49:51.446402+00:00
31,49,Male,Denver,2025-11-28 15:49:51.446402+00:00
32,62,Male,Atlanta,2026-04-02 15:49:51.446402+00:00
33,30,Male,New York,2025-12-14 15:49:51.446402+00:00
34,62,Female,Atlanta,2026-01-10 15:49:51.446402+00:00
35,21,Male,Boston,2026-04-13 15:49:51.446402+00:00
36,29,Female,San Jose,2025-12-29 15:49:51.446402+00:00
37,45,Male,Los Angeles,2026-04-03 15:49:51.446402+00:00
38,20,Male,Denver,2026-01-21 15:49:51.446402+00:00
39,62,Female,New York,2025-11-17 15:49:51.446402+00:00
40,63,Male,Chicago,2025-11-18 15:49:51.446402+00:00
41,46,Female,New York,2025-12-03 15:49:51.446402+00:00
42,33,Male,Boston,2026-02-09 15:49:51.446402+00:00
43,23,Male,Denver,2026-01-28 15:49:51.446402+00:00
44,50,Female,Chicago,2026-03-15 15:49:51.446402+00:00
45,45,Male,Seattle,2025-11-24 15:49:51.446402+00:00
46,57,Male,New York,2026-02-12 15:49:51.446402+00:00
47,49,Female,Chicago,2025-12-21 15:49:51.446402+00:00
48,24,Male,Chicago,2026-03-05 15:49:51.446402+00:00
49,24,Female,New York,2025-12-26 15:49:51.446402+00:00
50,58,Male,Denver,2026-03-29 15:49:51.446402+00:00
51,26,Female,Seattle,2025-12-27 15:49:51.446402+00:00
52,66,Male,Denver,2026-04-30 15:49:51.446402+00:00
53,23,Male,Austin,2026-04-20 15:49:51.446402+00:00
54,55,Female,Chicago,2026-03-06 15:49:51.446402+00:00
55,68,Female,Los Angeles,2026-02-11 15:49:51.446402+00:00
56,40,Male,Atlanta,2025-12-31 15:49:51.446402+00:00
57,20,Male,Boston,2026-03-05 15:49:51.446402+00:00
58,63,Female,Los Angeles,2026-05-05 15:49:51.446402+00:00
59,27,Female,San Jose,2026-03-11 15:49:51.446402+00:00
60,45,Female,New York,2026-02-18 15:49:51.446402+00:00
61,69,Non-binary,Boston,2026-01-31 15:49:51.446402+00:00
62,56,Female,Atlanta,2026-01-13 15:49:51.446402+00:00
63,20,Male,Denver,2026-03-25 15:49:51.446402+00:00
64,60,Male,Atlanta,2026-01-19 15:49:51.446402+00:00
65,26,Male,Seattle,2026-01-15 15:49:51.446402+00:00
66,56,Female,Austin,2025-12-20 15:49:51.446402+00:00
67,50,Female,San Jose,2026-02-04 15:49:51.446402+00:00
68,32,Male,Denver,2025-12-14 15:49:51.446402+00:00
69,40,Male,Boston,2026-03-30 15:49:51.446402+00:00
70,24,Female,Seattle,2025-12-31 15:49:51.446402+00:00
71,69,Female,Los Angeles,2026-04-30 15:49:51.446402+00:00
72,30,Female,Los Angeles,2026-04-20 15:49:51.446402+00:00
73,34,Female,New York,2025-12-04 15:49:51.446402+00:00
74,44,Female,Seattle,2026-02-12 15:49:51.446402+00:00
75,52,Male,Los Angeles,2026-01-17 15:49:51.446402+00:00
76,44,Female,Boston,2026-01-20 15:49:51.446402+00:00
77,44,Male,Austin,2026-01-03 15:49:51.446402+00:00
78,48,Female,Seattle,2026-03-25 15:49:51.446402+00:00
79,62,Female,Chicago,2026-04-06 15:49:51.446402+00:00
80,38,Male,Denver,2026-05-01 15:49:51.446402+00:00
81,61,Female,Austin,2025-12-04 15:49:51.446402+00:00
82,58,Male,Miami,2026-03-29 15:49:51.446402+00:00
83,67,Female,New York,2026-01-25 15:49:51.446402+00:00
84,65,Male,New York,2026-02-16 15:49:51.446402+00:00
85,59,Male,San Jose,2026-04-09 15:49:51.446402+00:00
86,30,Male,Atlanta,2026-02-23 15:49:51.446402+00:00
87,58,Female,Seattle,2026-04-24 15:49:51.446402+00:00
88,56,Female,Miami,2026-04-07 15:49:51.446402+00:00
89,33,Female,Chicago,2026-04-13 15:49:51.446402+00:00
90,53,Male,Atlanta,2025-12-11 15:49:51.446402+00:00
91,31,Female,Austin,2026-01-26 15:49:51.446402+00:00
92,45,Female,Austin,2025-11-23 15:49:51.446402+00:00
93,59,Female,Atlanta,2026-02-19 15:49:51.446402+00:00
94,27,Female,Atlanta,2026-04-02 15:49:51.446402+00:00
95,35,Female,Denver,2026-01-19 15:49:51.446402+00:00
96,59,Female,San Jose,2025-11-22 15:49:51.446402+00:00
97,41,Female,Miami,2026-02-02 15:49:51.446402+00:00
98,67,Male,New York,2026-05-05 15:49:51.446402+00:00
99,18,Female,Miami,2026-03-15 15:49:51.446402+00:00
100,55,Female,Atlanta,2025-11-23 15:49:51.446402+00:00
101,60,Male,Atlanta,2026-02-04 15:49:51.446402+00:00
102,65,Male,Boston,2025-11-18 15:49:51.446402+00:00
103,26,Female,Boston,2026-02-06 15:49:51.446402+00:00
104,69,Male,Denver,2026-05-06 15:49:51.446402+00:00
105,38,Male,San Jose,2025-12-02 15:49:51.446402+00:00
106,36,Male,New York,2025-12-22 15:49:51.446402+00:00
107,36,Male,Los Angeles,2025-12-31 15:49:51.446402+00:00
108,51,Male,Atlanta,2025-11-15 15:49:51.446402+00:00
109,52,Female,Denver,2026-04-03 15:49:51.446402+00:00
110,42,Female,Los Angeles,2025-11-26 15:49:51.446402+00:00
111,21,Male,San Jose,2026-03-28 15:49:51.446402+00:00
112,69,Non-binary,Chicago,2025-11-15 15:49:51.446402+00:00
113,29,Female,Denver,2026-04-04 15:49:51.446402+00:00
114,22,Female,Atlanta,2026-01-29 15:49:51.446402+00:00
115,49,Male,New York,2025-12-17 15:49:51.446402+00:00
116,39,Female,Seattle,2026-04-24 15:49:51.446402+00:00
117,50,Male,New York,2026-04-26 15:49:51.446402+00:00
118,63,Male,Austin,2025-12-07 15:49:51.446402+00:00
119,23,Male,Denver,2026-04-28 15:49:51.446402+00:00
120,32,Male,Boston,2026-01-18 15:49:51.446402+00:00
121,44,Male,Atlanta,2025-11-21 15:49:51.446402+00:00
122,58,Male,Miami,2026-01-18 15:49:51.446402+00:00
123,49,Male,San Jose,2026-02-11 15:49:51.446402+00:00
124,37,Male,Seattle,2026-02-22 15:49:51.446402+00:00
125,49,Male,New York,2026-01-14 15:49:51.446402+00:00
126,68,Female,Seattle,2026-01-26 15:49:51.446402+00:00
127,42,Male,Atlanta,2026-02-07 15:49:51.446402+00:00
128,63,Female,Austin,2026-04-11 15:49:51.446402+00:00
129,58,Male,San Jose,2026-01-09 15:49:51.446402+00:00
130,33,Male,Atlanta,2025-12-26 15:49:51.446402+00:00
131,30,Female,Miami,2026-01-01 15:49:51.446402+00:00
132,58,Female,Seattle,2026-04-25 15:49:51.446402+00:00
133,28,Female,New York,2026-01-02 15:49:51.446402+00:00
134,35,Male,Denver,2025-12-28 15:49:51.446402+00:00
135,30,Female,Denver,2026-04-05 15:49:51.446402+00:00
136,49,Female,Miami,2025-12-07 15:49:51.446402+00:00
137,33,Male,Chicago,2026-02-03 15:49:51.446402+00:00
138,52,Male,San Jose,2026-02-12 15:49:51.446402+00:00
139,66,Female,Chicago,2025-12-29 15:49:51.446402+00:00
140,61,Female,Denver,2026-02-06 15:49:51.446402+00:00
141,67,Non-binary,Denver,2026-01-30 15:49:51.446402+00:00
142,19,Male,Denver,2026-03-13 15:49:51.446402+00:00
143,41,Male,Miami,2025-11-22 15:49:51.446402+00:00
144,29,Female,Atlanta,2025-11-15 15:49:51.446402+00:00
145,65,Female,Seattle,2026-04-15 15:49:51.446402+00:00
146,55,Female,New York,2025-12-28 15:49:51.446402+00:00
147,34,Male,Boston,2026-05-04 15:49:51.446402+00:00
148,47,Female,Chicago,2026-03-03 15:49:51.446402+00:00
149,49,Female,Chicago,2025-11-15 15:49:51.446402+00:00
150,43,Male,Austin,2026-04-07 15:49:51.446402+00:00
151,42,Male,Seattle,2026-03-02 15:49:51.446402+00:00
152,20,Male,Los Angeles,2026-03-30 15:49:51.446402+00:00
153,41,Female,Atlanta,2025-12-28 15:49:51.446402+00:00
154,36,Male,Los Angeles,2026-02-14 15:49:51.446402+00:00
155,60,Female,New York,2026-01-22 15:49:51.446402+00:00
156,62,Female,Austin,2025-11-20 15:49:51.446402+00:00
157,57,Male,Austin,2026-02-04 15:49:51.446402+00:00
158,19,Female,New York,2025-12-27 15:49:51.446402+00:00
159,61,Male,Denver,2026-04-21 15:49:51.446402+00:00
160,38,Male,Atlanta,2026-03-31 15:49:51.446402+00:00
161,39,Non-binary,Atlanta,2025-11-19 15:49:51.446402+00:00
162,67,Female,San Jose,2025-12-05 15:49:51.446402+00:00
163,63,Female,Los Angeles,2026-01-10 15:49:51.446402+00:00
164,20,Female,Seattle,2026-03-01 15:49:51.446402+00:00
165,36,Female,Austin,2026-04-03 15:49:51.446402+00:00
166,56,Female,Denver,2025-12-06 15:49:51.446402+00:00
167,46,Female,San Jose,2025-12-18 15:49:51.446402+00:00
168,31,Male,New York,2026-03-26 15:49:51.446402+00:00
169,45,Male,Denver,2026-01-22 15:49:51.446402+00:00
170,63,Male,Seattle,2026-01-17 15:49:51.446402+00:00
171,29,Female,Denver,2026-02-12 15:49:51.446402+00:00
172,56,Female,Chicago,2025-11-23 15:49:51.446402+00:00
173,56,Female,Los Angeles,2026-04-16 15:49:51.446402+00:00
174,64,Female,Austin,2026-03-23 15:49:51.446402+00:00
175,33,Female,San Jose,2026-04-21 15:49:51.446402+00:00
176,29,Non-binary,Denver,2026-01-04 15:49:51.446402+00:00
177,46,Female,Seattle,2026-01-13 15:49:51.446402+00:00
178,45,Female,Los Angeles,2025-11-12 15:49:51.446402+00:00
179,39,Male,San Jose,2026-01-31 15:49:51.446402+00:00
180,58,Male,Denver,2026-04-11 15:49:51.446402+00:00
181,59,Male,Miami,2026-02-16 15:49:51.446402+00:00
182,30,Female,San Jose,2026-04-23 15:49:51.446402+00:00
183,59,Male,New York,2026-01-08 15:49:51.446402+00:00
184,29,Female,Atlanta,2026-01-07 15:49:51.446402+00:00
185,39,Female,Denver,2025-12-05 15:49:51.446402+00:00
186,19,Male,Austin,2026-03-08 15:49:51.446402+00:00
187,35,Male,Seattle,2026-03-14 15:49:51.446402+00:00
188,67,Female,Los Angeles,2026-04-26 15:49:51.446402+00:00
189,41,Male,Atlanta,2026-02-23 15:49:51.446402+00:00
190,54,Female,New York,2026-02-12 15:49:51.446402+00:00
191,23,Female,Chicago,2025-12-24 15:49:51.446402+00:00
192,51,Female,Los Angeles,2025-12-24 15:49:51.446402+00:00
193,37,Male,Austin,2026-04-13 15:49:51.446402+00:00
194,56,Female,Seattle,2026-03-18 15:49:51.446402+00:00
195,66,Male,Los Angeles,2026-02-05 15:49:51.446402+00:00
196,45,Female,Austin,2026-03-09 15:49:51.446402+00:00
197,23,Male,Los Angeles,2026-05-04 15:49:51.446402+00:00
198,42,Male,Chicago,2025-12-07 15:49:51.446402+00:00
199,24,Female,Miami,2025-12-28 15:49:51.446402+00:00
200,41,Female,San Jose,2026-02-04 15:49:51.446402+00:00
201,21,Female,Miami,2026-03-12 15:49:51.446402+00:00
202,51,Male,Seattle,2025-12-08 15:49:51.446402+00:00
203,34,Female,San Jose,2026-05-02 15:49:51.446402+00:00
204,28,Male,Los Angeles,2026-02-17 15:49:51.446402+00:00
205,18,Female,Denver,2025-12-15 15:49:51.446402+00:00
206,64,Male,Atlanta,2025-11-18 15:49:51.446402+00:00
207,61,Male,Austin,2026-03-24 15:49:51.446402+00:00
208,60,Male,San Jose,2026-01-11 15:49:51.446402+00:00
209,21,Non-binary,Denver,2026-04-04 15:49:51.446402+00:00
210,36,Female,Atlanta,2026-04-18 15:49:51.446402+00:00
211,68,Male,Chicago,2026-03-06 15:49:51.446402+00:00
212,48,Female,Los Angeles,2025-11-30 15:49:51.446402+00:00
213,24,Female,Miami,2026-01-04 15:49:51.446402+00:00
214,25,Male,Atlanta,2026-02-09 15:49:51.446402+00:00
215,31,Male,Denver,2026-03-19 15:49:51.446402+00:00
216,68,Male,Boston,2026-04-13 15:49:51.446402+00:00
217,26,Female,Denver,2026-03-21 15:49:51.446402+00:00
218,64,Female,Boston,2026-04-11 15:49:51.446402+00:00
219,53,Female,Denver,2026-04-05 15:49:51.446402+00:00
220,65,Male,Denver,2026-01-05 15:49:51.446402+00:00
221,60,Female,Chicago,2026-04-15 15:49:51.446402+00:00
222,35,Female,Boston,2026-04-30 15:49:51.446402+00:00
223,61,Female,Los Angeles,2026-01-31 15:49:51.446402+00:00
224,26,Female,Miami,2026-03-18 15:49:51.446402+00:00
225,33,Female,Boston,2026-02-16 15:49:51.446402+00:00
226,29,Female,Austin,2026-04-13 15:49:51.446402+00:00
227,24,Male,Denver,2026-04-01 15:49:51.446402+00:00
228,22,Male,New York,2026-02-18 15:49:51.446402+00:00
229,27,Female,San Jose,2026-01-04 15:49:51.446402+00:00
230,24,Male,San Jose,2026-02-23 15:49:51.446402+00:00
231,37,Male,Denver,2026-01-31 15:49:51.446402+00:00
232,21,Female,Miami,2026-02-04 15:49:51.446402+00:00
233,21,Female,Denver,2026-03-21 15:49:51.446402+00:00
234,69,Female,Chicago,2026-03-19 15:49:51.446402+00:00
235,22,Female,San Jose,2026-02-21 15:49:51.446402+00:00
236,21,Male,Boston,2026-05-03 15:49:51.446402+00:00
237,19,Non-binary,San Jose,2026-01-05 15:49:51.446402+00:00
238,24,Female,Atlanta,2026-01-18 15:49:51.446402+00:00
239,45,Male,Atlanta,2026-03-14 15:49:51.446402+00:00
240,61,Female,Miami,2026-03-02 15:49:51.446402+00:00
241,56,Male,Seattle,2026-03-10 15:49:51.446402+00:00
242,48,Male,Austin,2026-01-11 15:49:51.446402+00:00
243,22,Female,Seattle,2025-12-23 15:49:51.446402+00:00
244,58,Female,Los Angeles,2026-04-19 15:49:51.446402+00:00
245,19,Male,Seattle,2026-02-23 15:49:51.446402+00:00
246,50,Non-binary,Atlanta,2026-05-06 15:49:51.446402+00:00
247,39,Female,Austin,2026-02-16 15:49:51.446402+00:00
248,63,Female,San Jose,2026-03-25 15:49:51.446402+00:00
249,33,Female,Seattle,2026-03-09 15:49:51.446402+00:00
250,51,Male,Los Angeles,2026-02-15 15:49:51.446402+00:00
251,40,Male,Boston,2026-03-11 15:49:51.446402+00:00
252,45,Male,New York,2026-02-27 15:49:51.446402+00:00
253,66,Male,Boston,2025-12-22 15:49:51.446402+00:00
254,55,Male,Boston,2025-12-14 15:49:51.446402+00:00
255,39,Male,Denver,2026-05-07 15:49:51.446402+00:00
256,41,Female,Denver,2026-03-01 15:49:51.446402+00:00
257,54,Male,Austin,2025-12-07 15:49:51.446402+00:00
258,35,Female,Seattle,2026-02-02 15:49:51.446402+00:00
259,26,Female,Denver,2026-04-02 15:49:51.446402+00:00
260,42,Male,Austin,2026-01-22 15:49:51.446402+00:00
261,21,Male,Chicago,2026-04-12 15:49:51.446402+00:00
262,26,Non-binary,Austin,2026-05-05 15:49:51.446402+00:00
263,39,Female,Los Angeles,2026-01-15 15:49:51.446402+00:00
264,59,Male,Austin,2026-02-05 15:49:51.446402+00:00
265,58,Male,San Jose,2025-12-23 15:49:51.446402+00:00
266,31,Female,Boston,2026-03-07 15:49:51.446402+00:00
267,39,Female,Seattle,2025-12-06 15:49:51.446402+00:00
268,25,Male,New York,2026-02-22 15:49:51.446402+00:00
269,57,Female,New York,2025-12-27 15:49:51.446402+00:00
270,30,Male,Seattle,2026-04-20 15:49:51.446402+00:00
271,59,Female,Los Angeles,2026-04-21 15:49:51.446402+00:00
272,61,Female,Boston,2025-12-19 15:49:51.446402+00:00
273,53,Male,Seattle,2025-12-09 15:49:51.446402+00:00
274,35,Female,Boston,2025-11-20 15:49:51.446402+00:00
275,67,Male,Los Angeles,2026-03-11 15:49:51.446402+00:00
276,53,Male,Denver,2026-05-04 15:49:51.446402+00:00
277,51,Female,Denver,2025-11-13 15:49:51.446402+00:00
278,62,Male,Miami,2026-01-20 15:49:51.446402+00:00
279,63,Male,Chicago,2026-03-25 15:49:51.446402+00:00
280,22,Male,New York,2025-12-22 15:49:51.446402+00:00
281,63,Male,Denver,2025-11-27 15:49:51.446402+00:00
282,57,Male,Atlanta,2026-03-18 15:49:51.446402+00:00
283,28,Male,Los Angeles,2025-12-21 15:49:51.446402+00:00
284,33,Female,San Jose,2025-12-18 15:49:51.446402+00:00
285,57,Male,Chicago,2026-02-07 15:49:51.446402+00:00
286,29,Male,Los Angeles,2026-01-15 15:49:51.446402+00:00
287,41,Male,Seattle,2026-03-21 15:49:51.446402+00:00
288,53,Male,Miami,2025-11-22 15:49:51.446402+00:00
289,51,Female,Atlanta,2025-11-13 15:49:51.446402+00:00
290,65,Male,Atlanta,2025-11-13 15:49:51.446402+00:00
291,23,Non-binary,San Jose,2025-12-27 15:49:51.446402+00:00
292,33,Female,Denver,2026-05-01 15:49:51.446402+00:00
293,69,Female,Denver,2026-03-04 15:49:51.446402+00:00
294,47,Male,Boston,2026-02-17 15:49:51.446402+00:00
295,30,Male,Atlanta,2025-11-17 15:49:51.446402+00:00
296,33,Male,New York,2026-01-30 15:49:51.446402+00:00
297,35,Female,Denver,2026-02-01 15:49:51.446402+00:00
298,46,Female,Boston,2026-04-12 15:49:51.446402+00:00
299,32,Male,Los Angeles,2025-12-17 15:49:51.446402+00:00
300,50,Male,Los Angeles,2026-03-09 15:49:51.446402+00:00
301,41,Male,New York,2026-04-22 15:49:51.446402+00:00
302,49,Male,Miami,2025-11-12 15:49:51.446402+00:00
303,26,Male,San Jose,2026-04-04 15:49:51.446402+00:00
304,50,Male,Chicago,2026-05-06 15:49:51.446402+00:00
305,66,Male,Boston,2026-04-24 15:49:51.446402+00:00
306,25,Male,San Jose,2026-02-16 15:49:51.446402+00:00
307,35,Male,Chicago,2026-04-20 15:49:51.446402+00:00
308,54,Female,Denver,2025-12-08 15:49:51.446402+00:00
309,50,Female,Boston,2026-02-05 15:49:51.446402+00:00
310,53,Male,Austin,2026-03-11 15:49:51.446402+00:00
311,47,Male,Seattle,2026-05-08 15:49:51.446402+00:00
312,53,Male,Seattle,2026-02-11 15:49:51.446402+00:00
313,49,Female,Boston,2026-04-11 15:49:51.446402+00:00
314,21,Male,New York,2025-11-13 15:49:51.446402+00:00
315,57,Female,Denver,2026-03-17 15:49:51.446402+00:00
316,41,Male,Los Angeles,2026-02-12 15:49:51.446402+00:00
317,20,Male,Los Angeles,2026-05-05 15:49:51.446402+00:00
318,39,Male,Austin,2026-04-15 15:49:51.446402+00:00
319,40,Male,Miami,2026-04-01 15:49:51.446402+00:00
320,22,Female,Austin,2026-04-29 15:49:51.446402+00:00
321,69,Female,San Jose,2025-12-29 15:49:51.446402+00:00
322,29,Male,San Jose,2025-11-19 15:49:51.446402+00:00
323,35,Male,Seattle,2025-11-12 15:49:51.446402+00:00
324,40,Male,Atlanta,2026-03-22 15:49:51.446402+00:00
325,61,Female,Seattle,2025-12-18 15:49:51.446402+00:00
326,56,Female,Boston,2026-02-07 15:49:51.446402+00:00
327,58,Female,Chicago,2026-04-30 15:49:51.446402+00:00
328,30,Female,San Jose,2026-04-22 15:49:51.446402+00:00
329,61,Female,Chicago,2026-01-30 15:49:51.446402+00:00
330,61,Male,San Jose,2026-02-21 15:49:51.446402+00:00
331,42,Male,Chicago,2026-05-07 15:49:51.446402+00:00
332,46,Female,Denver,2025-11-22 15:49:51.446402+00:00
333,19,Female,Denver,2025-12-28 15:49:51.446402+00:00
334,57,Female,Seattle,2026-02-07 15:49:51.446402+00:00
335,67,Male,Los Angeles,2025-11-12 15:49:51.446402+00:00
336,42,Female,Denver,2025-11-15 15:49:51.446402+00:00
337,46,Male,Seattle,2025-11-14 15:49:51.446402+00:00
338,43,Male,Chicago,2026-03-23 15:49:51.446402+00:00
339,22,Female,Austin,2025-12-01 15:49:51.446402+00:00
340,50,Male,Miami,2026-02-07 15:49:51.446402+00:00
341,55,Male,Los Angeles,2025-12-29 15:49:51.446402+00:00
342,66,Female,Seattle,2025-12-05 15:49:51.446402+00:00
343,66,Female,Boston,2026-04-09 15:49:51.446402+00:00
344,43,Male,Boston,2026-02-17 15:49:51.446402+00:00
345,67,Male,Boston,2026-04-15 15:49:51.446402+00:00
346,45,Male,San Jose,2026-03-19 15:49:51.446402+00:00
347,51,Male,Atlanta,2026-02-23 15:49:51.446402+00:00
348,49,Female,Miami,2025-12-06 15:49:51.446402+00:00
349,69,Male,Miami,2025-12-04 15:49:51.446402+00:00
350,56,Male,Miami,2026-02-27 15:49:51.446402+00:00
351,24,Female,Miami,2026-03-10 15:49:51.446402+00:00
352,21,Male,Los Angeles,2026-02-02 15:49:51.446402+00:00
353,39,Male,San Jose,2025-11-25 15:49:51.446402+00:00
354,44,Male,Chicago,2025-11-14 15:49:51.446402+00:00
355,52,Female,Seattle,2026-03-29 15:49:51.446402+00:00
356,43,Female,Seattle,2026-04-05 15:49:51.446402+00:00
357,44,Male,Atlanta,2026-01-01 15:49:51.446402+00:00
358,65,Male,Atlanta,2026-03-15 15:49:51.446402+00:00
359,35,Male,Denver,2026-04-03 15:49:51.446402+00:00
360,43,Male,Los Angeles,2026-05-03 15:49:51.446402+00:00
361,46,Female,Austin,2026-02-25 15:49:51.446402+00:00
362,42,Female,Seattle,2026-02-27 15:49:51.446402+00:00
363,68,Female,Atlanta,2026-01-27 15:49:51.446402+00:00
364,68,Female,Chicago,2026-04-02 15:49:51.446402+00:00
365,44,Female,Denver,2025-12-31 15:49:51.446402+00:00
366,41,Male,Chicago,2026-01-06 15:49:51.446402+00:00
367,48,Female,Seattle,2026-02-14 15:49:51.446402+00:00
368,27,Female,Atlanta,2026-04-06 15:49:51.446402+00:00
369,40,Male,Los Angeles,2026-02-06 15:49:51.446402+00:00
370,29,Female,Boston,2026-01-07 15:49:51.446402+00:00
371,25,Female,New York,2026-03-02 15:49:51.446402+00:00
372,22,Male,Boston,2026-03-22 15:49:51.446402+00:00
373,48,Female,Miami,2026-02-06 15:49:51.446402+00:00
374,18,Male,Boston,2026-03-06 15:49:51.446402+00:00
375,51,Male,Chicago,2026-02-25 15:49:51.446402+00:00
376,40,Female,Seattle,2026-03-07 15:49:51.446402+00:00
377,37,Male,Denver,2026-03-15 15:49:51.446402+00:00
378,58,Male,New York,2025-12-30 15:49:51.446402+00:00
379,46,Male,Boston,2026-02-15 15:49:51.446402+00:00
380,56,Male,San Jose,2026-02-14 15:49:51.446402+00:00
381,54,Male,Austin,2026-01-11 15:49:51.446402+00:00
382,19,Male,Los Angeles,2026-03-04 15:49:51.446402+00:00
383,29,Male,New York,2026-04-20 15:49:51.446402+00:00
384,47,Female,Chicago,2025-12-06 15:49:51.446402+00:00
385,68,Male,Denver,2026-04-28 15:49:51.446402+00:00
386,26,Male,Chicago,2026-01-26 15:49:51.446402+00:00
387,23,Male,Los Angeles,2026-03-22 15:49:51.446402+00:00
388,66,Female,Seattle,2026-03-31 15:49:51.446402+00:00
389,68,Female,Los Angeles,2026-05-01 15:49:51.446402+00:00
390,26,Male,Seattle,2025-11-27 15:49:51.446402+00:00
391,38,Male,New York,2026-02-20 15:49:51.446402+00:00
392,50,Female,Denver,2026-03-08 15:49:51.446402+00:00
393,28,Female,Atlanta,2025-12-26 15:49:51.446402+00:00
394,34,Female,Seattle,2026-05-01 15:49:51.446402+00:00
395,38,Male,Denver,2026-01-27 15:49:51.446402+00:00
396,51,Female,San Jose,2026-02-08 15:49:51.446402+00:00
397,34,Male,San Jose,2026-01-29 15:49:51.446402+00:00
398,39,Female,Los Angeles,2026-04-16 15:49:51.446402+00:00
399,33,Female,Los Angeles,2025-11-18 15:49:51.446402+00:00
400,57,Female,New York,2026-03-27 15:49:51.446402+00:00
401,25,Male,Boston,2026-01-06 15:49:51.446402+00:00
402,29,Male,New York,2025-12-25 15:49:51.446402+00:00
403,30,Male,Seattle,2026-03-08 15:49:51.446402+00:00
404,65,Male,Chicago,2026-04-15 15:49:51.446402+00:00
405,67,Female,New York,2026-03-16 15:49:51.446402+00:00
406,44,Male,Atlanta,2025-12-14 15:49:51.446402+00:00
407,26,Female,Chicago,2025-11-26 15:49:51.446402+00:00
408,57,Female,New York,2025-11-21 15:49:51.446402+00:00
409,43,Female,Denver,2026-03-29 15:49:51.446402+00:00
410,62,Female,Los Angeles,2026-01-19 15:49:51.446402+00:00
411,36,Male,Seattle,2026-04-11 15:49:51.446402+00:00
412,69,Male,Miami,2026-01-01 15:49:51.446402+00:00
413,59,Male,Chicago,2026-02-23 15:49:51.446402+00:00
414,29,Male,Boston,2025-12-31 15:49:51.446402+00:00
415,55,Male,Miami,2026-01-05 15:49:51.446402+00:00
416,32,Female,Chicago,2025-11-11 15:49:51.446402+00:00
417,36,Female,Austin,2026-02-10 15:49:51.446402+00:00
418,31,Female,Los Angeles,2026-03-08 15:49:51.446402+00:00
419,53,Male,San Jose,2026-02-03 15:49:51.446402+00:00
420,31,Non-binary,Chicago,2026-04-09 15:49:51.446402+00:00
421,51,Female,Miami,2026-04-18 15:49:51.446402+00:00
422,48,Male,Chicago,2026-02-04 15:49:51.446402+00:00
423,57,Male,Boston,2025-12-11 15:49:51.446402+00:00
424,69,Male,Denver,2026-02-02 15:49:51.446402+00:00
425,18,Male,Seattle,2025-12-19 15:49:51.446402+00:00
426,69,Male,New York,2026-04-06 15:49:51.446402+00:00
427,23,Male,Denver,2026-02-17 15:49:51.446402+00:00
428,45,Male,Austin,2026-01-18 15:49:51.446402+00:00
429,35,Female,Chicago,2026-03-07 15:49:51.446402+00:00
430,51,Male,Chicago,2026-05-06 15:49:51.446402+00:00
431,55,Female,Atlanta,2026-04-25 15:49:51.446402+00:00
432,62,Male,Austin,2025-11-23 15:49:51.446402+00:00
433,38,Female,Atlanta,2026-01-20 15:49:51.446402+00:00
434,66,Female,Chicago,2026-03-22 15:49:51.446402+00:00
435,34,Female,Boston,2026-03-23 15:49:51.446402+00:00
436,28,Female,Denver,2026-05-01 15:49:51.446402+00:00
437,37,Female,Seattle,2025-11-19 15:49:51.446402+00:00
438,45,Female,Miami,2026-04-19 15:49:51.446402+00:00
439,52,Female,Seattle,2025-12-23 15:49:51.446402+00:00
440,61,Female,San Jose,2026-03-26 15:49:51.446402+00:00
441,29,Male,Los Angeles,2026-03-09 15:49:51.446402+00:00
442,33,Male,Boston,2026-03-20 15:49:51.446402+00:00
443,66,Male,Atlanta,2025-12-11 15:49:51.446402+00:00
444,40,Female,Chicago,2026-05-03 15:49:51.446402+00:00
445,30,Female,San Jose,2026-03-06 15:49:51.446402+00:00
446,69,Male,San Jose,2026-03-19 15:49:51.446402+00:00
447,41,Female,Chicago,2026-03-20 15:49:51.446402+00:00
448,69,Female,Seattle,2026-04-04 15:49:51.446402+00:00
449,65,Male,Miami,2025-11-25 15:49:51.446402+00:00
450,65,Male,Austin,2026-03-01 15:49:51.446402+00:00
451,48,Female,Atlanta,2026-02-22 15:49:51.446402+00:00
452,59,Male,Seattle,2026-02-28 15:49:51.446402+00:00
453,67,Female,Austin,2025-11-13 15:49:51.446402+00:00
454,31,Male,Seattle,2026-03-08 15:49:51.446402+00:00
455,19,Female,Austin,2026-03-08 15:49:51.446402+00:00
456,34,Female,Chicago,2026-03-10 15:49:51.446402+00:00
457,51,Male,New York,2026-03-11 15:49:51.446402+00:00
458,46,Female,Denver,2026-04-22 15:49:51.446402+00:00
459,22,Male,Denver,2026-01-20 15:49:51.446402+00:00
460,47,Female,San Jose,2026-05-04 15:49:51.446402+00:00
461,27,Male,Austin,2026-03-29 15:49:51.446402+00:00
462,44,Male,Austin,2026-04-02 15:49:51.446402+00:00
463,47,Male,Austin,2026-03-17 15:49:51.446402+00:00
464,51,Male,San Jose,2025-12-23 15:49:51.446402+00:00
465,39,Female,New York,2026-01-21 15:49:51.446402+00:00
466,39,Male,Denver,2025-11-11 15:49:51.446402+00:00
467,53,Female,New York,2026-03-06 15:49:51.446402+00:00
468,56,Male,New York,2025-11-22 15:49:51.446402+00:00
469,60,Male,Chicago,2026-04-30 15:49:51.446402+00:00
470,35,Male,Denver,2026-02-07 15:49:51.446402+00:00
471,40,Male,New York,2025-12-16 15:49:51.446402+00:00
472,35,Male,Seattle,2026-02-02 15:49:51.446402+00:00
473,45,Female,Chicago,2025-11-22 15:49:51.446402+00:00
474,24,Male,San Jose,2026-03-13 15:49:51.446402+00:00
475,40,Male,Chicago,2026-05-03 15:49:51.446402+00:00
476,27,Female,Miami,2025-12-20 15:49:51.446402+00:00
477,45,Male,New York,2026-04-26 15:49:51.446402+00:00
478,62,Female,Austin,2025-12-22 15:49:51.446402+00:00
479,69,Female,Los Angeles,2025-12-27 15:49:51.446402+00:00
480,41,Female,Austin,2025-12-08 15:49:51.446402+00:00
481,20,Female,Austin,2026-02-11 15:49:51.446402+00:00
482,29,Male,Austin,2025-11-28 15:49:51.446402+00:00
483,23,Male,Atlanta,2026-04-08 15:49:51.446402+00:00
484,57,Male,Miami,2026-02-19 15:49:51.446402+00:00
485,69,Male,Denver,2026-04-17 15:49:51.446402+00:00
486,46,Female,Boston,2025-12-21 15:49:51.446402+00:00
487,27,Female,Boston,2025-12-31 15:49:51.446402+00:00
488,19,Female,Boston,2025-12-14 15:49:51.446402+00:00
489,68,Male,Denver,2025-12-22 15:49:51.446402+00:00
490,34,Female,Miami,2026-03-14 15:49:51.446402+00:00
491,23,Male,Los Angeles,2026-04-26 15:49:51.446402+00:00
492,27,Male,San Jose,2025-11-22 15:49:51.446402+00:00
493,31,Male,New York,2026-02-09 15:49:51.446402+00:00
494,52,Male,Miami,2026-04-22 15:49:51.446402+00:00
495,64,Female,Chicago,2025-11-23 15:49:51.446402+00:00
496,32,Male,Seattle,2025-11-11 15:49:51.446402+00:00
497,53,Male,Atlanta,2026-02-17 15:49:51.446402+00:00
498,21,Male,Boston,2025-12-21 15:49:51.446402+00:00
499,18,Male,Denver,2026-05-02 15:49:51.446402+00:00
500,20,Male,Chicago,2026-04-22 15:49:51.446402+00:00
